0x00181BBb4a8166CC949244bB840F2e29cE91EaeF,1000
0x38797FE73d5d442cded05BB03236904e94187220,1000
0x60b6AD450D43F0157FBea5dce4396E6123B86e93,1000
0x527A3ab8f1ff9172fD7d380863c54EdEc60bd41d,1000
0xa174152FF6AA435802c2B0fA273203d68ef5d398,1000
0x778131a57BF44600D7689Dc6D9D70607097f8f70,1000
0x1c23c0dE76e164586eaa67dCc2AC37610c6324Aa,1000
0x992F2864DAa339dDab9ec14003c3cCA1304bD6AA,1000
0xa1E67BA23650dc7B0AaC8aFb3E8f5d5c4D8CA33C,1000
0x78eF106B7383F3A86261Dd6c11e6A810fC80D508,1000
0x1844C3c0b70eebB84483D68b0bb57B5F25C0e125,1000
0xda7f4d8eff2ed4b4161226337c187874cdaa4e34,1000
0x30f2B18DA5557Ad0C31a05c766DE623B0260b997,1000
0x175C55DcBE919e2F6Df4164d1d0d2e2430d01348,1000
0x4D4406806f9Cd13E3E138620b718a42816c3DAeb,1000
0x4c0b6a01889c91c32d0f4492874eb2d292030ac3,1000
0x1D6496a197d1e91Fca95cd3EBb36A767A78dBc61,1000
0x491A807827A1a32d5E0CCFF0Bcb5ADc2Cbe61541,1000
0x17d0c22c8BAaD17d9C5ee964A0A8ba36a6ccec5A,1000
0xb1A9752D702B9e50DB15e3B641D7098591752805,1000
0x3F619365028A532a945d94d84af3335FbE2D15b0,1000
0x76e279f793132C8a78437cb88C339B8320706fE8,1000
0xFF5Cc4eAEabFE4F6Cf62De329deD0Ea4FCde818c,1000
0xc4e4e2221Ed41358b206e2190195407EE4965E72,1000
0x1dCdadF8EDeb64c2Ca89EFB8755E32b3450D2A76,1000
0xfa041C15b58985B5A77972F0b90Ae40eCba1f67B,1000
0x4efa6eA00F9E32c8aFEd70a0A647A46826872D4b,1000
0xBB9566e5c54D737117b8C13926f22fBAa1Db53f6,1000
0xE42bB88542A652bd9BEF37C1F92c10239d2d3555,1000
0xe91E8A3eF289d3Da0F49b7F85fCDbF79A2Ad2439,1000
0xeFFF9f68c79088D1efeEA73b03c84Ee422F09af2,1000
0xb1040f917870071Bb737B9857fA55ccbd7577089,1000
0x4899F3dd48D9bbE90037e0eEce33Be1E39101699,1000
0xa60DCeb3f28B146ec6f8FEf698D05339Ce220455,1000
0x5D6377c90246E0CE2B3c7f181E91A49F1468F899,1000
0xFF2D722ccD1385244233544bfCC594d47F94a3e7,1000
0x4d06a2d2Ce8826cCCE8f56FdB88941A1A4A5DB00,1000
0xbC652AfFBf914A7C9A4FA6123584318e29E385B9,1000
0xd6c63C1187f18e19Fdf93c2230e46106668B8B19,1000
0xaC5CB6995BF3ebbb13D8f2b991719DAB8E7505a1,1000
0x27d47FcD81B44D97F7Be6EeF07D37f118a4e4821,1000
0xeD05Da1A3eD48c2bd08586D6AD8f440f9b7eA8FC,1000
0xE2F36140D66f0d51374a2c49419b3B1b6369D984,1000
0xF2Fb34C4323F9bf4a5c04fE277f96588dDE5316f,1000
0x7a959B3179862023569aaff3A88B048FbDC19197,1000
0x17fC146738662d62506Cf8907756c3CEA2781A35,1000
0x6D8F81757a9af54c650ffac778787b6932181288,1000
0x1EE3a7Ac646caBBB9568D11b894685c6b997330E,1000
